P,urn:nasa:pds:a15_17_hfe_concatenated:document_source:index::1.0
P,urn:nasa:pds:a15_17_hfe_concatenated:document_source:hfecleaner::1.0
P,urn:nasa:pds:a15_17_hfe_concatenated:document_source:hfecorrections::1.0
P,urn:nasa:pds:a15_17_hfe_concatenated:document_source:hfeutils::1.0
P,urn:nasa:pds:a15_17_hfe_concatenated:document_source:a15p1f1::1.0
P,urn:nasa:pds:a15_17_hfe_concatenated:document_source:a15p1f2::1.0
P,urn:nasa:pds:a15_17_hfe_concatenated:document_source:a15p1f3::1.0
P,urn:nasa:pds:a15_17_hfe_concatenated:document_source:a15p1f4::1.0
P,urn:nasa:pds:a15_17_hfe_concatenated:document_source:a15p1f5::1.0
P,urn:nasa:pds:a15_17_hfe_concatenated:document_source:a15p2f1::1.0
P,urn:nasa:pds:a15_17_hfe_concatenated:document_source:a15p2f2::1.0
P,urn:nasa:pds:a15_17_hfe_concatenated:document_source:a15p2f3::1.0
P,urn:nasa:pds:a15_17_hfe_concatenated:document_source:a15p2f4::1.0
P,urn:nasa:pds:a15_17_hfe_concatenated:document_source:a15p2f5::1.0
P,urn:nasa:pds:a15_17_hfe_concatenated:document_source:a17p1f1::1.0
P,urn:nasa:pds:a15_17_hfe_concatenated:document_source:a17p1f2::1.0
P,urn:nasa:pds:a15_17_hfe_concatenated:document_source:a17p1f3::1.0
P,urn:nasa:pds:a15_17_hfe_concatenated:document_source:a17p1f4::1.0
P,urn:nasa:pds:a15_17_hfe_concatenated:document_source:a17p1f5::1.0
P,urn:nasa:pds:a15_17_hfe_concatenated:document_source:a17p2f1::1.0
P,urn:nasa:pds:a15_17_hfe_concatenated:document_source:a17p2f2::1.0
P,urn:nasa:pds:a15_17_hfe_concatenated:document_source:a17p2f3::1.0
P,urn:nasa:pds:a15_17_hfe_concatenated:document_source:a17p2f4::1.0
P,urn:nasa:pds:a15_17_hfe_concatenated:document_source:a17p2f5::1.0
P,urn:nasa:pds:a15_17_hfe_concatenated:document_source:nagihara_jgr_planets::1.0
S,urn:nasa:pds:a15hfe_calibrated_arcsav:data:a15_hfe_1975_l2_arcsav_tg11::1.0
S,urn:nasa:pds:a15hfe_calibrated_arcsav:data:a15_hfe_1975_l2_arcsav_tg12::1.0
S,urn:nasa:pds:a15hfe_calibrated_arcsav:data:a15_hfe_1975_l2_arcsav_tg21::1.0
S,urn:nasa:pds:a15hfe_calibrated_arcsav:data:a15_hfe_1975_l2_arcsav_tg22::1.0
S,urn:nasa:pds:a17hfe_calibrated_arcsav:data:a17_hfe_1975_l2_arcsav_tg11::1.0
S,urn:nasa:pds:a17hfe_calibrated_arcsav:data:a17_hfe_1975_l2_arcsav_tg21::1.0
